"text","created_at"
"Bridgetowne yow","2020-05-25T09:14:30.000Z"
"@Kookie07Jeon Can't stop laughing tf HAHAHAHAHHAHAH","2020-05-25T09:14:30.000Z"
"One of my favğŸ¤§â™¥ï¸
#ë°±í˜„ #BAEKHYUN #ì—‘ì†Œ #EXO #weareoneEXO #Delight #Candy #í¥ì´_ì—ë¦¬_ê¸°ê°€ë§‰íŒ_ì¼€ë¯¸ìŠ¤íŠ¸ë¦¬ @weareoneEXO @B_hundred_Hyun https://t.co/ga6AJ4az5p","2020-05-25T09:14:31.000Z"
"Wag tayo magmeryenda kasi magsamgyeopsal party na naman later ğŸ’“âœ¨","2020-05-25T09:14:31.000Z"
"@jeshyang Sadyang hindi lang talaga nag work yung brain niya kaya ganyan sya mag criticize about #TheKingEternalMonarch gigil din ako ehhh!!!! ğŸ˜¤","2020-05-25T09:14:31.000Z"
"@giegiedc Ohhhh","2020-05-25T09:14:32.000Z"
"@YusepengC Huy!!! AHAHAHA","2020-05-25T09:14:33.000Z"
"Ang taray ng tatay ko sa sasakyan nag papaaircon aba aba.","2020-05-25T09:14:34.000Z"
"Kalami nalang gyud e post sakong mga pictures nga di pwede e post hahaahahahha","2020-05-25T09:14:34.000Z"
"Ini lagu untukmuâ€¦ Candy oleh BAEKHYUN
https://t.co/qQvRKuT1if
#ë°±í˜„ #BAEKHYUN #ì—‘ì†Œ #EXO #weareoneEXO #Delight #Candy #BAEKHYUN_Candy #í¥ì´_ì—ë¦¬_ê¸°ê°€ë§‰íŒ_ì¼€ë¯¸ìŠ¤íŠ¸ë¦¬","2020-05-25T09:14:34.000Z"
"So unfair! ğŸ˜­ğŸ˜­ğŸ˜­ Kaya hindi rin ako nag sisi na nag resign ako sa gitna ng COVID pandemic","2020-05-25T09:14:35.000Z"
"byeee imma listen to the b-tracks #Delight","2020-05-25T09:14:37.000Z"
"@gmawowowin 0âƒ£9âƒ£3âƒ£0âƒ£  3âƒ£1âƒ£8âƒ£  8âƒ£6âƒ£8âƒ£1âƒ£
MARIPOL SEBASTIAN 
LAS PIÃ‘AS CITY 
#Shopee #Frontrow 
#Gencee #Plemex
SALAMAT PO PLEMEX","2020-05-25T09:14:38.000Z"
"Sarap ng araw na ituuuğŸ’–ğŸ’–ğŸ¥°","2020-05-25T09:14:38.000Z"
"@samantha11_15 twittera kana din pe hahhaha","2020-05-25T09:14:40.000Z"
"@imghariemay HAHAHAHAHAHAHAHAHAHAHAHAHA TRUE KULET KAINEZ HAHAHAHAHA DDS ATA TROPA NI PAPA ğŸ˜‚","2020-05-25T09:14:41.000Z"
"@Alonzotrishaa

-cutie pie
-baby face
-gorgeous!!","2020-05-25T09:14:42.000Z"
"Ikaw matapang ka magsabi ng wampipti, eh ikaw naman wankey lang HAHAHAHAHAHAHAHAHA","2020-05-25T09:14:43.000Z"
"ify https://t.co/ReJ8uPgD2C","2020-05-25T09:14:43.000Z"
"andaming spoiler talaga ng mga bagong update ng kahit anong stories sa wattpad. kainis!","2020-05-25T09:14:43.000Z"
"Pasikat tong #aiai na ito eh. https://t.co/UqkiQtGDUO","2020-05-25T09:14:46.000Z"
"di na ko magpupuyat grr","2020-05-25T09:14:47.000Z"
"@Aldrineeeeeee ğŸ’ğŸ‰","2020-05-25T09:14:47.000Z"
"mura mag akong uyab ig mahubog sgeg panguot hahahaha aw https://t.co/BShpHsD77s","2020-05-25T09:14:47.000Z"
"@gmawowowin 0âƒ£9âƒ£3âƒ£0âƒ£  3âƒ£1âƒ£8âƒ£  8âƒ£6âƒ£8âƒ£1âƒ£
MARIPOL SEBASTIAN 
LAS PIÃ‘AS CITY 
#Shopee #Frontrow 
#Gencee #Plemex
SALAMAT GENCEE","2020-05-25T09:14:49.000Z"
"@syazlianasobri so do you ğŸ’•","2020-05-25T09:14:52.000Z"
"No empty carbs day starts tomorrow! Help me. Hahaha","2020-05-25T09:14:55.000Z"
"@LarsLayag AHAHAHHAHAHAHAHA BORNEKELS","2020-05-25T09:14:55.000Z"
"Every wait has a worth","2020-05-25T09:14:55.000Z"
"Snack TimeğŸ¥¤ğŸğŸ”ğŸŸ from McDonald's  when we crave for cheeseburger mcdo_ph I so likeğŸ‘and loveâ¤ï¸it... #PhotoOfTheDayğŸ“· #McDonalds #McDoPh #LoveKoTo #SatisfiedCravings #SnackTime #HomeSweetHome #Fambam #Quarantineâ€¦ https://t.co/eh9QJ5LkDC","2020-05-25T09:14:56.000Z"
"Kasama ko mga fav. Ko na taoğŸ’–ğŸ¤—","2020-05-25T09:14:58.000Z"
"@joannaxmaru Problema ko din iyan dapat di tumaba kukha eh","2020-05-25T09:14:58.000Z"
"Already out on Spotify @B_hundred_Hyun
#baekhyun #Delight #BAEKHYUN_Candy
Hereâ€™s an album for youâ€¦ Delight - The 2nd Mini Album BAEKHYUN
https://t.co/qttG9EGWPC","2020-05-25T09:14:59.000Z"
"Did you all notice those City Lights posters? Waaaah I'm soft! @B_hundred_Hyun @weareoneEXO  #ë°±í˜„ #BAEKHYUN #ì—‘ì†Œ #EXO #weareoneEXO #Delight #Candy #í¥ì´_ì—ë¦¬_ê¸°ê°€ë§‰íŒ_ì¼€ë¯¸ìŠ¤íŠ¸ë¦¬ https://t.co/In2IZficIS","2020-05-25T09:15:00.000Z"
"@djryankumu #TutokToWinSaWowowin 
Sana po matawagan po ako","2020-05-25T09:15:01.000Z"
"Helluva Summer ğŸ”¥ #SummerTime https://t.co/j5BLM0hNTp","2020-05-25T09:15:01.000Z"
"@MCPEDL I Don't get this?
I fixed Everything and this is the 5th time?. https://t.co/G5yg5i3RKm","2020-05-25T09:15:02.000Z"
"Salamat Shoppee HAHAHAHHA","2020-05-25T09:15:06.000Z"
"#BAEKHYUN_CANDY #Delight https://t.co/tnUZ2u11Rk","2020-05-25T09:15:07.000Z"
"#ë¹„íˆ¬ë¹„ #BTOB 
#ì„œì€ê´‘ #SEO_EUNKWANG 
#ì„œë #Dear_My_Dear @OFFICIALBTOB https://t.co/ioljUdJ9YH https://t.co/RCDUzvoKwg","2020-05-25T09:15:07.000Z"
"Nagbayag ta orderen","2020-05-25T09:15:08.000Z"
"Not in any way close to what I feel right now. #quarantinecover https://t.co/74jlmLY1AL","2020-05-25T09:15:10.000Z"
"last na pOh,, https://t.co/jcLIzxEuVM","2020-05-25T09:15:10.000Z"
"@alizeh_oh as in!!! ğŸ˜ğŸ˜ğŸ˜ https://t.co/102rhUvrnX","2020-05-25T09:15:10.000Z"
"@bendeveraINQ Superpower to bring in more POGO?","2020-05-25T09:15:11.000Z"
"stream candy now https://t.co/PwziHEbWb3","2020-05-25T09:15:12.000Z"
"@gmawowowin 0âƒ£9âƒ£3âƒ£0âƒ£  3âƒ£1âƒ£8âƒ£  8âƒ£6âƒ£8âƒ£1âƒ£
MARIPOL SEBASTIAN 
LAS PIÃ‘AS CITY 
#Shopee #Frontrow 
#Gencee #Plemex https://t.co/9rjGScxGko","2020-05-25T09:15:12.000Z"
"Haneeeep https://t.co/88SHqsrRXw","2020-05-25T09:15:12.000Z"
"am zo proud of mahself for holding back from using my last money, that was really closeee tho'","2020-05-25T09:15:16.000Z"
"Di ako pagod, pero pagod na ako sa sarili ko hshshshshs","2020-05-25T09:15:17.000Z"
"ğŸ¤­ğŸ¤­ğŸ¤­ğŸ¤­ğŸ¤­ğŸ¤­ğŸ¤­","2020-05-25T09:15:17.000Z"
"Nabayag nak toy war agur urayen aysos","2020-05-25T09:15:20.000Z"
"Here's the link for the TikTok_Stage_LiveFromSeol @OfficialMonstaX
#MONSTA_X #ëª¬ìŠ¤íƒ€ì—‘ìŠ¤ #MONSTAX
 https://t.co/rRInZfvIXh","2020-05-25T09:15:21.000Z"
"Hindi naman bayad tong pinapaurgent niyo kairita","2020-05-25T09:15:22.000Z"
"yung pimples ko sa pisnge di na ko nilubayan walangya","2020-05-25T09:15:24.000Z"
"@plnvlxsz ğŸ’ğŸ‰","2020-05-25T09:15:26.000Z"
"Tara kain! ğŸ˜‡ @ Muntinlupa City https://t.co/7Y4tibRa67","2020-05-25T09:15:26.000Z"
"Omgggg kahapon lang ako nag tweet na gusto kong kumain nga Chicken Burger sa Cafe Juan huhuhu andito naaağŸ˜«ğŸ˜­ğŸ¥°ğŸ¤¤ Thank you dito loveeeeğŸ¥°ğŸ¥°ğŸ¥°

Ps: one city away pa po ang Cafe Juan samin at hindi pa pwedeng pumunta don, but i got itğŸ¥° https://t.co/PoHt2airEy","2020-05-25T09:15:26.000Z"
"Gusto ko ng carbonara na maraming bacon ğŸ˜­","2020-05-25T09:15:27.000Z"
"So bored I sent @iamcardib a message about Lumpia. Dafuq. ğŸ˜†","2020-05-25T09:15:28.000Z"
"GAANO KAHAROTTT???  https://t.co/9SmUK3k1po","2020-05-25T09:15:29.000Z"
"@pattycrizaldo Diko naman sila pag bebentahan ng alak hahahaha","2020-05-25T09:15:30.000Z"
""" i know you love her but it's over mate, it doesn't matter put the phone away""","2020-05-25T09:15:30.000Z"
"Naluya man hinuon ko ğŸ˜ª","2020-05-25T09:15:30.000Z"
"@pusitronic @Victorious_0410 Bakit Nephro and rheuma?","2020-05-25T09:15:31.000Z"
"I AM SO PROUD AND HAPPY. CONGRATS B! ğŸ¥ºğŸ˜ https://t.co/qU9mQ95J1M","2020-05-25T09:15:32.000Z"
"tagal ng ulan gusto ko umiyak","2020-05-25T09:15:33.000Z"
"@gmanetwork #TutokToWinSaWowowin","2020-05-25T09:15:36.000Z"
"Kaya ba today MOR? wahaha

#PPopGenerationOnMOR","2020-05-25T09:15:39.000Z"
"Happy na kay ka ana ghoorl? Na inorder tanan sa shoppee imo aupt hahah https://t.co/V8W7HbNkAX","2020-05-25T09:15:39.000Z"
"@lnkylrsls @Djssharry_ Set na kaya????","2020-05-25T09:15:42.000Z"
"@ynamrv may tama HAHAHAHAHA","2020-05-25T09:15:42.000Z"
"Another one!!! #BAEKHYUNE_CANDY @weareoneEXO https://t.co/fPDjdvn77s","2020-05-25T09:15:43.000Z"
"#Delight album really speaks #BAEKHYUN!!! I love this vibe!!! It's giving me that 'I know that you like me' feels. ğŸ˜â¤ï¸ You really like teasing us @B_hundred_Hyun!!! ğŸ’• @weareoneEXO @exoonearewe","2020-05-25T09:15:43.000Z"
"Teary-eyed din kayo the whole time? Kasi ako ooğŸ¤§
#ë°±í˜„ #BAEKHYUN #ì—‘ì†Œ #EXO #weareoneEXO #Delight #Candy #í¥ì´_ì—ë¦¬_ê¸°ê°€ë§‰íŒ_ì¼€ë¯¸ìŠ¤íŠ¸ë¦¬ @weareoneEXO @B_hundred_Hyun","2020-05-25T09:15:44.000Z"
"ang cute cute mo talaga bebe q ğŸ¥°ğŸ¥°ğŸ¥° https://t.co/e9GF6EQzoq","2020-05-25T09:15:44.000Z"
"@AlterdudesCom Nice","2020-05-25T09:15:45.000Z"
"Awit","2020-05-25T09:15:46.000Z"
"doctor amp, parang kayang kaya eh ğŸ˜‚ https://t.co/xOLU4EJiPJ","2020-05-25T09:15:47.000Z"
"@psyrainerosee Hoooooy dli ra kaha kaayo Psy HAHHHAAHA","2020-05-25T09:15:49.000Z"
"@Victorious_0410 Nakakamiss lahat po yan area ko ğŸ˜‚ğŸ˜‚ğŸ˜‚ğŸ˜‚ğŸ˜‚","2020-05-25T09:15:51.000Z"
"When puberty hits you nga namanâ¤ï¸ https://t.co/osejmhFsiY","2020-05-25T09:15:52.000Z"
"OMG https://t.co/RTFHBAqJHf","2020-05-25T09:15:53.000Z"
"@AnnikaRoces ğŸ‘ğŸ‰ğŸ’ğŸ‡","2020-05-25T09:15:54.000Z"
"ğŸ˜­ isa ka case please ğŸ˜­ https://t.co/fd1QZuaRt5","2020-05-25T09:15:54.000Z"
"Sakit tiyan ko HAHHAHA","2020-05-25T09:15:55.000Z"
"Mental health","2020-05-25T09:15:58.000Z"
"@TutokToWin Hello po kuya will sana po palarin narin po ako ako dito sa #TUTOKTOWIN SA #WOWOWIN PO ako si ELISA AGUSTIN VILLARMA PO taga QUEZON PALAWAN PO 09105358829 salamat po at Good bless po","2020-05-25T09:15:59.000Z"
"Lamias jabee oy ğŸ˜‚","2020-05-25T09:16:01.000Z"
"Ang gondooo talagaa https://t.co/mmXSvpucaE","2020-05-25T09:16:01.000Z"
"ğŸ¥º https://t.co/EO3OhTJWRF","2020-05-25T09:16:01.000Z"
"@alynnhh HAHAHAHAHAHAHHAAHAHAHAHAHAHAHAHAHAHAHAH NATAWA KAME KANINA AS IN","2020-05-25T09:16:01.000Z"
"BAEKHYUN ë°±í˜„ 'Candy' MV https://t.co/pkGOyWlMyh via @YouTube   #baekhyun #delight #BAEKHYUN_Candy #BAEKHYUNOURCANDY #BAEKHYUN1millionseller","2020-05-25T09:16:03.000Z"
"@eybcdefghijk Yey may kasama ako ğŸ˜‚","2020-05-25T09:16:06.000Z"
"Soon","2020-05-25T09:16:06.000Z"
"HiğŸ˜‰ https://t.co/OTcLwFraXb","2020-05-25T09:16:08.000Z"
"@jcpunongbayan Steal as one? Whoâ€™s the one?","2020-05-25T09:16:10.000Z"
"IF. IMPROVES. https://t.co/MyFINNVk4C","2020-05-25T09:16:11.000Z"
"Sana makabawi na mamayağŸ™‚","2020-05-25T09:16:14.000Z"
"@jntexpressph Hehehehe can you also check this 780320856646","2020-05-25T09:16:14.000Z"
"PUTANGINA WALA NA AKONG PERA MAG E ENROLL PA AKO SA UST POTA 55K!!!!!!! ITIGIL NYO MUNA TOH!!!!!!!!!! https://t.co/SyeloplriL","2020-05-25T09:16:14.000Z"
"Baehyun World Domination #ë°±í˜„Â Â  #BAEKHYUNÂ Â  #ì—‘ì†Œ #EXO #weareoneEXO #DelightÂ Â  #Candy #BAEKHYUN_CandyÂ Â  #í¥ì´_ì—ë¦¬_ê¸°ê°€ë§‰íŒ_ì¼€ë¯¸ìŠ¤íŠ¸ë¦¬ https://t.co/kePTz3VVwW","2020-05-25T09:16:15.000Z"
"@Larahvyl Thank u gağŸ’–","2020-05-25T09:16:15.000Z"
"Grabe ang ka-igang sa world. Lagkitaazzz","2020-05-25T09:16:15.000Z"
"Bakit naman ganito tinginan baek! Puta! Haha #Baekhyun #Baekhyun_Candy #ë°±í˜„ https://t.co/OPuXflITLF","2020-05-25T09:16:18.000Z"
"B: Something original...

Also B: My undercut this 2020 y'll

#BAEKHYUN_Candy #BAEKHYUNOURCANDY #Delight #Baekhyun #BAEKHYUN_HalfMillion_Congrats @weareoneEXO @B_hundred_Hyun @EXO_NEWS_JP #EXO #weareoneEXO https://t.co/WJw9YHHXnK","2020-05-25T09:16:19.000Z"
"@gmawowowin #TutokToWinSaWowowin 
09289422549
Lucita L. Ninolas","2020-05-25T09:16:22.000Z"
"@shinkaiha Try mo yung catcher in the rye dude","2020-05-25T09:16:22.000Z"
"Aii Powta lupit
Mangarap nalang kayo ulit
ğŸ˜ğŸ˜ğŸ˜ğŸ˜ğŸ˜‚ğŸ˜‚","2020-05-25T09:16:24.000Z"
"'...I have told you this so that you might have peace in me.
In the world you will have trouble,
but take courage, I have conquered the world'- John 16:33","2020-05-25T09:16:24.000Z"
"GONNA LISTEN TO THE WHOLE ALBUM!! BRB!!

#BaekhyunOurCandy #BAEKHYUNÂ 
@B_hundred_Hyun @weareoneEXO","2020-05-25T09:16:26.000Z"
"""So kung di ka andam, dili ka mudawat og tao na musulod sa imo."" -Mayor S.

hugot! ğŸ˜œ","2020-05-25T09:16:27.000Z"
"@gerayaaa supeer!","2020-05-25T09:16:27.000Z"
"STREAM CANDY","2020-05-25T09:16:28.000Z"
"ğŸ­ DELIGHT - The 2nd MINI ALBUM ğŸ­
~ By Byun Baekhyun ~
ğŸ¶ STREAMING PROOFS THREAD ğŸ¶ 

https://t.co/kT5l301Jtl

#ë°±í˜„Â  #BAEKHYUNÂ  #ì—‘ì†Œ #EXO #weareoneEXO #DelightÂ  #Candy #BAEKHYUN_CandyÂ  #í¥ì´_ì—ë¦¬_ê¸°ê°€ë§‰íŒ_ì¼€ë¯¸ìŠ¤íŠ¸ë¦¬ https://t.co/00kwgWIURG","2020-05-25T09:16:28.000Z"
"IMAGE SAVED ğŸ˜ğŸ˜ğŸ˜ğŸ˜ğŸ˜ğŸ˜ğŸ˜ https://t.co/FH1XXrlhsk","2020-05-25T09:16:30.000Z"
"@ejsilahis21 @CamzAmarante Ay oo hahahahaha sorry ğŸ˜‚","2020-05-25T09:16:31.000Z"
"Aww https://t.co/d4k8YXqEkr","2020-05-25T09:16:31.000Z"
"The New Normal in some parts of the city. @ Sorsogon, Sorsogon https://t.co/suZ7A6Cklx","2020-05-25T09:16:32.000Z"
"Tae inaantok tuloy ako ğŸ¤£ğŸ¤£","2020-05-25T09:16:32.000Z"
"ito na naman po ang 6.6 ng shopee","2020-05-25T09:16:32.000Z"
"@Ashrica4 @JustSarahG Nasa 19th spot pa sakin..

CONGRATULATIONS SARAHG
@JustSarahG #SarahGeronimo","2020-05-25T09:16:33.000Z"
"â€œmatug nakog sayuâ€

*me everytime daghan kog tots hahaha https://t.co/eI78isykPc","2020-05-25T09:16:34.000Z"
"More of episodes of Control Z please. 
The twist and turns. ğŸ’¯
#ControlZ","2020-05-25T09:16:35.000Z"
"Parang back to normal na talaga. Thank God for medical staff priority lanes! (@ Landers Superstore - @landers_ph in Manila) https://t.co/h2DrCWo7jF","2020-05-25T09:16:36.000Z"
"Monday. Work work work.","2020-05-25T09:16:42.000Z"
"hello naman @B_hundred_Hyun you don't have to go off like that!! ğŸ‘ğŸ‘ğŸ‘ğŸ‘ waaahhh amazing song and choreo!!! ğŸ¥³ğŸ¥³ğŸ¥³ğŸ¥³ğŸ¥³ğŸ¥³ https://t.co/OuRihl6vsH","2020-05-25T09:16:43.000Z"
"@stellamaala_ Sana all. ğŸ¤£","2020-05-25T09:16:45.000Z"
"Tinatamad akong ma duty talaga","2020-05-25T09:16:46.000Z"
"Thank you Mother sa pa top.up . HAHAHA! ILOVEYOU talaga ğŸ˜ https://t.co/Y4p3bHxYk0","2020-05-25T09:16:47.000Z"
"@GreyHuMin RainOnMe ğŸ˜‚ğŸ˜‚ğŸ˜‚ğŸ˜‚","2020-05-25T09:16:49.000Z"
"@WowowinGMA Grace Tenedero","2020-05-25T09:16:51.000Z"
"Videoke and whiskey ğŸ¤ğŸ¶ğŸ¥ƒ","2020-05-25T09:16:53.000Z"
"@AireDiah sure oyps!! hahahaha","2020-05-25T09:16:54.000Z"
"SAME AKALA KO AKO LANG NAKAPANSIN???? https://t.co/RrdiaQbLqj","2020-05-25T09:16:55.000Z"
"@StrangerAld shhhhhh HAHAHAHAHAHAHAHHA pisti kadumdum pa ayy ğŸ¤£","2020-05-25T09:16:57.000Z"
"she ain't coming back : ( https://t.co/8FN3OxsYVg","2020-05-25T09:16:57.000Z"
"aaminin ko na nagselos talaga ako dito acckk!! https://t.co/rw1VGXLvVb","2020-05-25T09:16:58.000Z"
"@SHINee @shineemonth We willâ¤ï¸â¤ï¸â¤ï¸â¤ï¸â¤ï¸â¤ï¸â¤ï¸â¤ï¸","2020-05-25T09:16:59.000Z"
"Why no one is talking about the high notes? Like dude he's amazingly amazing â™¥ï¸#ë°±í˜„ #BAEKHYUN #ì—‘ì†Œ #EXO #weareoneEXO #Delight #Candy #í¥ì´_ì—ë¦¬_ê¸°ê°€ë§‰íŒ_ì¼€ë¯¸ìŠ¤íŠ¸ë¦¬ @weareoneEXO @B_hundred_Hyun","2020-05-25T09:17:00.000Z"
"20thğŸ‚ğŸŠ https://t.co/Uwqzbhr2Jz","2020-05-25T09:17:00.000Z"
"@danielcassion26 naol cleared na sa buhatonon","2020-05-25T09:16:58.000Z"
"@MontegrandePHL @differenzz @marky85172357 @ferdiefabulous @_Alexandersab @AlexSuligan @OzaetaMark makikilike po salamat","2020-05-25T09:17:02.000Z"
"@mariachrystn lagot ako kay ed, ay si ed pala yung kabet bab hindi ikaw ğŸ˜‚","2020-05-25T09:17:02.000Z"
"Let's start this work week with the Lord. ğŸ™Œ","2020-05-25T09:17:04.000Z"
"https://t.co/4usfZUqOaW https://t.co/U6bxou6wF9","2020-05-25T09:17:04.000Z"
"HAHAHAHAHAHAHA https://t.co/rF8cuwQQc1","2020-05-25T09:17:04.000Z"
"Sa Male Ward pa naman ako. ğŸ˜“ğŸ˜…","2020-05-25T09:17:05.000Z"
"@demi_borj Sorry na ma. Gusto ko lang naman mapansin mo","2020-05-25T09:17:08.000Z"
"MONDAY RUN! ğŸ’•ğŸ™ğŸ»ğŸš¶ğŸ»â€â™‚ï¸ğŸƒğŸ»â€â™‚ï¸ https://t.co/rNXiCsJgQL","2020-05-25T09:17:10.000Z"
"di mabubuo araw ko talaga pag hindi ako nakakanood ng live ni choox or mga vid nya sa youtube.","2020-05-25T09:17:12.000Z"
"@iamanamel https://t.co/jgN4ocBjnV","2020-05-25T09:17:14.000Z"
"Lord thank you po ğŸ¥ºğŸ’™","2020-05-25T09:17:15.000Z"
"@choi_bts2 @BTS_twt I like this also. But I like the one more that was included in the released August D 2 MV","2020-05-25T09:17:16.000Z"
"kakaantok. ğŸ˜´","2020-05-25T09:17:16.000Z"
"Streaming now!!!!! â™¥ï¸â™¥ï¸â™¥ï¸â™¥ï¸ https://t.co/9g4VhNF7WJ","2020-05-25T09:17:16.000Z"
"Volleyball  sa kahapunon ğŸ @ Cielo Azul Pangangan Island Calape Bohol https://t.co/MB7Cydltcu","2020-05-25T09:17:16.000Z"
"Bakit ba napakasarap mong manggang hinog ka? Ano bang problema mo? Nananahimik ako? Ano ba? ğŸ¤ªğŸ¤£ğŸ¤ªğŸ¤£ @ Rodriguez, Rizal https://t.co/HBkrUXNOhn","2020-05-25T09:17:17.000Z"
"can i ?ğŸ’“ https://t.co/Prp0EegC21","2020-05-25T09:17:21.000Z"
"Walanju ang binili saking brief ng nanay q parang sa pamangkin ko sa sikip hahahahaha","2020-05-25T09:17:23.000Z"
"2ND WAVEEE! HAHAHAHAHA https://t.co/JRNqFmcr4W https://t.co/CMbxlWdxpz","2020-05-25T09:17:23.000Z"
"@_myclmgpnty ğŸ‘ğŸ‰ğŸ’","2020-05-25T09:17:23.000Z"
"@kenriquez0915 https://t.co/jl97rckXEL","2020-05-25T09:17:23.000Z"
"Gusto ko na maglaro ng basketball ğŸ˜…","2020-05-25T09:17:25.000Z"
"can you feel the love tonight... @michaelbitoygma briannabunagan @ Las PiÃ±as https://t.co/Yzoqtr7Oba","2020-05-25T09:17:25.000Z"
"Grabe yung titig nya! Kung nyan tunaw na!

 #BAEKHYUN 
#Delight 

 https://t.co/EAJuxW3WGt","2020-05-25T09:17:26.000Z"
"nge ngita na sila aha na daw ako bayu hahaha na traffic pa gud","2020-05-25T09:17:30.000Z"
"@kimalvaro_ https://t.co/UUW0S1LT2A","2020-05-25T09:17:31.000Z"
"â¤ï¸â¤ï¸â¤ï¸ https://t.co/8M9ZnuE1XS","2020-05-25T09:17:32.000Z"
"2019 Mid Year Promotion Recognition Banquet ğŸ˜ğŸ™Œ #TYL #tb #July2019 @ The Bellevue Manila https://t.co/g3ejAG8DUt","2020-05-25T09:17:33.000Z"
"Ito lang talaga ang pinagdadasal ko , Sana walang sumpong na pasyente mamaya ğŸ˜“ğŸ˜“ğŸ˜“","2020-05-25T09:17:35.000Z"
"@jmfritzie ğŸ˜«ğŸ”¥","2020-05-25T09:17:36.000Z"
"buti ka pa nakakapag gym","2020-05-25T09:17:38.000Z"
"wala nay chaiwan sa food panda :(((","2020-05-25T09:17:38.000Z"
"di pa ako ready umalis ka","2020-05-25T09:17:39.000Z"
"Wag nyo ako artehan! Pare pareho tayong magaganda at pogi ngayon dahil sa mask!
Pagandahan na lang ng mata ğŸ™„","2020-05-25T09:17:40.000Z"
"@gmanetwork Hi po.good familys enjoy ur day ..","2020-05-25T09:17:41.000Z"
"ğŸ’œ https://t.co/em3w1ss0xM","2020-05-25T09:17:43.000Z"
"naaning na ata ako, badtrip ako habang nagpprint nung pinapaprint saken sa labas tapos pagkapasok ko sa kwarto na ngingiti nako, hangkyut ni kyungsoo. ğŸ¥ºğŸ˜­ https://t.co/Vvim0HGyEU","2020-05-25T09:17:44.000Z"
"@riccisquadCEB @_ricciiirivero Grabeeee biggest turn on talaga ung first ever vlog ni @_ricciiirivero. ğŸ˜ğŸ˜ More power loveeeeğŸ¤—","2020-05-25T09:17:45.000Z"
"@yensadang Hihi miss u https://t.co/7KjXONxbs0","2020-05-25T09:17:45.000Z"
"@gmawowowin 0âƒ£9âƒ£3âƒ£0âƒ£  3âƒ£1âƒ£8âƒ£  8âƒ£6âƒ£8âƒ£1âƒ£
MARIPOL SEBASTIAN 
LAS PIÃ‘AS CITY 
#Shopee #Frontrow 
#Gencee #Plemex
#GMA7FRONTROW","2020-05-25T09:17:46.000Z"
"ğŸ˜ğŸ˜ğŸ˜ğŸ˜ now playing ğŸ–¤Hereâ€™s a song for youâ€¦ R U Ridinâ€™? by BAEKHYUN
https://t.co/8iPlQv2ah7","2020-05-25T09:17:47.000Z"
"home service barber issa thing","2020-05-25T09:17:47.000Z"
"@teemayi Hahahahhaa di nko masud adto hurt. ğŸ˜‚ malooy ka. Hahaha","2020-05-25T09:17:49.000Z"
"OHH GOODNESS GRACIOUS. IM SOFT https://t.co/iFcsKMVqW1","2020-05-25T09:17:50.000Z"
"Lucifer by SHINee will always be one of my favorite songs ğŸ¥°","2020-05-25T09:17:53.000Z"
"ansakeeeeet! ğŸ˜¿ https://t.co/YC766u7wow","2020-05-25T09:17:55.000Z"
"ğŸ˜‹ğŸ’• @ SM City Olongapo Central https://t.co/E1NAprZfal","2020-05-25T09:17:59.000Z"
"Hopefully madayon na ta ni, Lord ğŸ™‡ğŸ»â€â™€ï¸","2020-05-25T09:17:59.000Z"
"ANG GALENG TALAGA NETO!! ğŸ”¥ https://t.co/sX0Pn7zfoz","2020-05-25T09:18:00.000Z"
"maka missun mag videoke 
https://t.co/NY7nlLIH50","2020-05-25T09:18:03.000Z"
"So nagising ako 4pm. Ano na. Mag gagabi na naman. Hahahahahahha!","2020-05-25T09:18:04.000Z"
"happy monday!! ğŸ˜™ https://t.co/9PUDq0OUcu","2020-05-25T09:18:06.000Z"
"your eyes are like oceans and im slowly drowning in them..","2020-05-25T09:18:07.000Z"
"Nagdadala daw yung mga dolphin ng coral kasi namimiss nila yung mga taong bumibisita sa kanila.. ğŸ˜­","2020-05-25T09:18:08.000Z"
"#ë°±í˜„Â  #BAEKHYUNÂ  #ì—‘ì†Œ #EXO #weareoneEXO #DelightÂ  #Candy #BAEKHYUN_CandyÂ  #í¥ì´_ì—ë¦¬_ê¸°ê°€ë§‰íŒ_ì¼€ë¯¸ìŠ¤íŠ¸ë¦¬ https://t.co/D7izvJhxp9","2020-05-25T09:18:09.000Z"
"@gmawowowin 0âƒ£9âƒ£3âƒ£0âƒ£  3âƒ£1âƒ£8âƒ£  8âƒ£6âƒ£8âƒ£1âƒ£
MARIPOL SEBASTIAN 
LAS PIÃ‘AS CITY 
#Shopee #Frontrow 
#Gencee #Plemex
#TutokToWinSaWowowin 
#PandemicPeriod","2020-05-25T09:18:10.000Z"
"hahaha talaga pinandigan pag tweet ganito gugupit sobra fesh at cute 

BARBER NA SI MAYMAY https://t.co/aHQ7AD1JxW","2020-05-25T09:18:10.000Z"
"@ogie_rosa @143redangel https://t.co/ZpWlZT5ypq","2020-05-25T09:18:13.000Z"
"@chelsixxi ğŸ¥ºâ™¥ï¸ğŸ‘‰ğŸ‘ˆ https://t.co/WuFXxSmyzM","2020-05-25T09:18:13.000Z"
"@jmfritzie under rated ğŸ˜½","2020-05-25T09:18:13.000Z"
"Makikita mo talaga na enjoy na enjoy si baek while nag sh-shoot my babyğŸ¤§
#ë°±í˜„ #BAEKHYUN #ì—‘ì†Œ #EXO #weareoneEXO #Delight #Candy #í¥ì´_ì—ë¦¬_ê¸°ê°€ë§‰íŒ_ì¼€ë¯¸ìŠ¤íŠ¸ë¦¬ @weareoneEXO @B_hundred_Hyun","2020-05-25T09:18:13.000Z"
"LORD SALAMAT! SALAMAT! SALAMAT KAAYO! ğŸ˜­ğŸ˜­ğŸ˜­ KAHILAKON KAAYO KO!!","2020-05-25T09:18:13.000Z"
"itâ€™s a wrap! ğŸ“¸","2020-05-25T09:18:13.000Z"
"ğŸ’¯ https://t.co/wNgxM9XyCd","2020-05-25T09:18:15.000Z"
"â€” skin ni oddette pa monthsary please ğŸ¤£, o kaya send diamonds! ğŸ’ğŸ˜‚ Mga 1k diamonds ganon! HAHAHAHAHAHAHA.","2020-05-25T09:18:16.000Z"
"Bakit walang pagkain sa bahaaaaay ğŸ˜”","2020-05-25T09:18:17.000Z"
"STRAWBERRY BUBBLE GUM. ğŸ“

#ë°±í˜„ 
#BAEKHYUN
#Delight 
#BAEKHYUN_Candy 
#í¥ì´_ì—ë¦¬_ê¸°ê°€ë§‰íŒ_ì¼€ë¯¸ìŠ¤íŠ¸ë¦¬","2020-05-25T09:18:17.000Z"
"ğŸ¤” https://t.co/wWRTFn7egH","2020-05-25T09:18:17.000Z"
"Waaah the items are already posted on weverse shop ğŸ’¸ğŸ’¸ğŸ’¸ https://t.co/IA3Oel5vfG","2020-05-25T09:18:17.000Z"
"sobrang nagpapa hirap sa mga online seller kagaya ko itong lockdown na tooooo :'&lt;&lt;","2020-05-25T09:18:18.000Z"
"@trsshnn Hahahahhahahahaha set na set na!! â˜¹ï¸â¤ï¸","2020-05-25T09:18:19.000Z"
"#ë°±í˜„Â  #BAEKHYUNÂ  #ì—‘ì†Œ #EXO #weareoneEXO #DelightÂ  #Candy #BAEKHYUN_CandyÂ  #í¥ì´_ì—ë¦¬_ê¸°ê°€ë§‰íŒ_ì¼€ë¯¸ìŠ¤íŠ¸ë¦¬ https://t.co/tG5nOHHWdO","2020-05-25T09:18:19.000Z"
"Sobra naman yon ğŸ’”","2020-05-25T09:18:20.000Z"
"I hope someday you will care","2020-05-25T09:18:20.000Z"
"It's nice it's nice to know yah let's do it againğŸ¶ğŸ¶...ğŸ’ªğŸ’ª https://t.co/hS3Hbbxujs","2020-05-25T09:18:24.000Z"
"hahahahaha practice practice pa ako magluto ng pancake yung nagrerequest sa akin na ipagluto ko siya ng pancake after quarantine wala na :&lt;","2020-05-25T09:18:27.000Z"
"@gmawowowin 0âƒ£9âƒ£3âƒ£0âƒ£  3âƒ£1âƒ£8âƒ£  8âƒ£6âƒ£8âƒ£1âƒ£
MARIPOL SEBASTIAN 
LAS PIÃ‘AS CITY 
#Shopee #Frontrow 
#Gencee #Plemex
#ShopeeShakeToWin","2020-05-25T09:18:27.000Z"
"https://t.co/wSEXXv7Cay","2020-05-25T09:18:28.000Z"
"@shxngiee @oui_recio alam naman mi sheng yun ih diba sheng ğŸ˜˜ paolo na lang bigay mo na name ha","2020-05-25T09:18:30.000Z"
"balik ka na bailey 2.0 :&lt; https://t.co/tISSDg7Qbj","2020-05-25T09:18:30.000Z"
"stayed on the shower longer than the usual dahil badtrip si mahal sa kaworkmate niya ehe baka madamay ako precautionary measures u know HAHAHAHAHA","2020-05-25T09:18:31.000Z"
"https://t.co/m5XgyitNsg","2020-05-25T09:18:32.000Z"
"@PozHero_ Mukha na nga akong anneonghaseo eh hahahaha ğŸ˜‚ğŸ˜‚ğŸ˜‚ğŸ˜‚","2020-05-25T09:18:32.000Z"
"ğŸ· https://t.co/4K8oJ0DCYu","2020-05-25T09:18:37.000Z"
"FINALLY SOMEONE UNDERSTANDS HAHHAHA https://t.co/ynlDasD5Du","2020-05-25T09:18:37.000Z"
"@jaaaydlls HALA OH MAY NABUBUO? AAAAAH AHAHAHAHğŸ˜ğŸ˜‚","2020-05-25T09:18:37.000Z"
"lezgooo maka balik nakos akong room tomorrooww hahahaha","2020-05-25T09:18:38.000Z"
"@Jaydeeroux See yah puhon ampings dha :)","2020-05-25T09:18:41.000Z"
"sensuiğŸ¥º https://t.co/FervRhORZC","2020-05-25T09:18:41.000Z"
"kagwapaa bayot oiii https://t.co/HBWEN3qpbQ","2020-05-25T09:18:41.000Z"
"Sana kahit ngayon lang sabihin mong mag i'Stay ka hshshshshsğŸ¥º","2020-05-25T09:18:41.000Z"
"I LOVE IT B!!!

#BaekhyunOurCandy 
#BAEKHYUN_í•˜í”„ë°€ë¦¬ì–¸_ì¶•í•˜í•´ 
#BAEKHYUN_Candy
#BAEKHYUNÂ  #ë°±í˜„Â  
#EXO @B_hundred_Hyun @weareoneEXO https://t.co/Ed2oo70ZlD","2020-05-25T09:18:42.000Z"
"Wala bang mag aayang date Jan?","2020-05-25T09:18:46.000Z"
"followed. tyy https://t.co/Q6UG4uEu4M","2020-05-25T09:18:49.000Z"
"@gmawowowin 0âƒ£9âƒ£3âƒ£0âƒ£  3âƒ£1âƒ£8âƒ£  8âƒ£6âƒ£8âƒ£1âƒ£
MARIPOL SEBASTIAN 
LAS PIÃ‘AS CITY 
#Shopee #Frontrow 
#Gencee #Plemex
#ShopeePhilippinesShopeeShake","2020-05-25T09:18:49.000Z"
"ğŸ¥ºâ¤ï¸ https://t.co/YKad0IFbMc","2020-05-25T09:18:51.000Z"
"A very fvckin mood. Hays https://t.co/H1iaUxLp4P","2020-05-25T09:18:52.000Z"
"@GreyHuMin Yan ung nagkagulo buong Twitter World dba? ğŸ˜","2020-05-25T09:18:52.000Z"
"@laguda_john YieeeeğŸ˜ nahhh yah!! Chouuurrr","2020-05-25T09:18:52.000Z"
"The future looks grim
But I'm not there yet
Ah, coping mechanisms","2020-05-25T09:18:53.000Z"
"Awan nukwa bibyang ko kadakayon a. Uray pinaglalaglagan dak. Wag kayong maissue. ğŸ˜‚","2020-05-25T09:18:53.000Z"
"Kapag ba madami kang ini-entertain cheating na 'yown?","2020-05-25T09:18:54.000Z"
"kaigang ba","2020-05-25T09:18:56.000Z"
"@Ibyangmagtaas takot siya ih HAHAHAHAHA ikot kabilang kanto a ğŸ˜†","2020-05-25T09:18:56.000Z"
"si loki bala didto nag hapa tubang sang mga alak jusmiyo like father like son?","2020-05-25T09:18:56.000Z"
"@berisokobiee sa inner self ko kase!!! AHAHAHAHHAHA","2020-05-25T09:18:56.000Z"
"L ğŸ’™ https://t.co/8kxH9wvpP1","2020-05-25T09:18:56.000Z"
"SOON-TO-BE MILLION SELLER BYUN BAEKHYUN HERE WE GO ğŸ¤˜ğŸ˜ @weareoneEXO https://t.co/2LzOTYgeI6","2020-05-25T09:18:58.000Z"
"@aeiou_abie Punta us kina julqszx now na","2020-05-25T09:18:58.000Z"
"Mga baliw!!trending yung BARBER NA SI MAYMAYğŸ¤£
#MayWard https://t.co/HpqurJftbc","2020-05-25T09:18:59.000Z"
"napasarap gulots ko amp","2020-05-25T09:19:00.000Z"
"SPOTIFY - CANDY

https://t.co/kT5l301Jtl

#ë°±í˜„Â  #BAEKHYUNÂ  #ì—‘ì†Œ #EXO #weareoneEXO #DelightÂ  #Candy #BAEKHYUN_CandyÂ  #í¥ì´_ì—ë¦¬_ê¸°ê°€ë§‰íŒ_ì¼€ë¯¸ìŠ¤íŠ¸ë¦¬ https://t.co/AUPcohTRcT","2020-05-25T09:18:59.000Z"
"i'm just a hoe kind sir 
#HollywoodNetflix https://t.co/0T7h1mOjbP","2020-05-25T09:19:00.000Z"
"LORD HIS VOCAL HIS VISUAL AND HIS MOVES MY GOD I CAN'T BREATHE HE'S TOO DAMN FINE

#BAEKHYUN_Candy","2020-05-25T09:19:01.000Z"
"Hahaha pag ako nakahawak ng gunting nako","2020-05-25T09:19:06.000Z"
"Pagsasaktan ka na lang talaga ng ulo ğŸ¤¯ğŸ˜ª https://t.co/tPMRX5xVjF","2020-05-25T09:19:08.000Z"
"Today's output for DepEd EdTech Webinar (Advanced OER - LMS)

#WeAreOneDepEd #SulongEdukalidad #DigitalRisePH https://t.co/So50Bt7dyC","2020-05-25T09:19:08.000Z"
"It is official. I have finished my book. Gagraduate na ako. ğŸ¥³ https://t.co/KZ3zpK9LwT","2020-05-25T09:19:08.000Z"
"Im getting emotional over this new enozi ep. huhuhuhu. These babies are all grown ups now! Huhu","2020-05-25T09:19:11.000Z"
"Time na guro ni para mag watch sa mga gipang recommend niya na kdrama aron makarelate nakos iyang shared post ğŸ˜‹","2020-05-25T09:19:12.000Z"
"https://t.co/AdKt0pSAwL","2020-05-25T09:19:19.000Z"
"@kawwaaaa Si manong guard sa pru kawa ğŸ˜","2020-05-25T09:19:22.000Z"
"@direk_urie Uy boston kreme ğŸ˜­","2020-05-25T09:19:22.000Z"
"What's good today? Hehe i just made a papaya shake. Tinry ko na yung blender na bigay ng company. And sarap nun besh.","2020-05-25T09:19:22.000Z"
"Mask on amd stay safe! 
#whenInEcq 
#errands @ SM Cinema Marilao https://t.co/FnFHm0OcdO","2020-05-25T09:19:22.000Z"
"di nanaman ako makakatulog mamayang gabi ahhhaa","2020-05-25T09:19:24.000Z"
"Ang tagal ng service ko ah.","2020-05-25T09:19:25.000Z"
"Uy! Ang init.","2020-05-25T09:19:25.000Z"
"Dear Pampers, pakidakoa daw ang label kung taped ba or pants ang diaper kay kung among bana maoy mag-grocery magpataka ra ug punit.","2020-05-25T09:19:26.000Z"
"Bakit di ko mahanap yung manga na 'yon, saan tinago 'yonnnnnnnnnnnnn :&lt;","2020-05-25T09:19:28.000Z"
"di ko na naman makita salamin ko, san ko na naman ba kase pinatong ğŸ™ƒ","2020-05-25T09:19:28.000Z"
"para na naman akong tangang tumatawa magisa habang nanonood hahagahahaha","2020-05-25T09:19:29.000Z"
"#TutokToWinSaWowowin  09668095565 blk 4 lot 7 ssbrigade western bicutan taguig city","2020-05-25T09:19:29.000Z"
"@sheenxinshin @ByunGogh_ UNG INGGIT KO KAY ATE GIRL UMAAPAW ğŸ¤£ğŸ¤£","2020-05-25T09:19:29.000Z"
"@gmawowowin 0âƒ£9âƒ£3âƒ£0âƒ£  3âƒ£1âƒ£8âƒ£  8âƒ£6âƒ£8âƒ£1âƒ£
MARIPOL SEBASTIAN 
LAS PIÃ‘AS CITY 
#Shopee #Frontrow 
#Gencee #Plemex
#tutoktowinGMA 
#ShopeeShakeToWinSaWowowin","2020-05-25T09:19:29.000Z"
"Para kong binagsakan ng langit at lupa","2020-05-25T09:19:30.000Z"
"@beenjyu Thank you always palangga ğŸ§¡ I love youuuuuğŸ’“","2020-05-25T09:19:30.000Z"
"Mindfulness chill mood on a afternoon coffee â˜• with an peaceful divine spiritually tracks today â˜ï¸

Happy #UnbreakableMonday afternoon! ğŸ’›

Sami Yusuf: The Essence of Mindfulness
(https://t.co/bdxTSWY2a0) https://t.co/nDj4MBRYPm","2020-05-25T09:19:30.000Z"
"ganahan ko i complete ang premium photos fuck","2020-05-25T09:19:32.000Z"
"@ddicolen HAHAHAHA FROM M TO L AKO ATE","2020-05-25T09:19:33.000Z"
"Sana hyper ka pa din","2020-05-25T09:19:34.000Z"
"Hindi ako pwede mang prank call hayp nayan nauuna tawa ko","2020-05-25T09:19:36.000Z"
"Proud to be the 3rd viewer I guess ğŸ˜‚

Itâ€™s so weird that Baekhyun has always been one of my favorites in exo but never my bias (???) or ganon nadin pala yon hahasksksks pero mahal na mahal ko exo, they really have a special place in my heart â™¥ï¸ https://t.co/FI0xOT08fH","2020-05-25T09:19:37.000Z"
"MAHAL KO NA SYA MAAAAA https://t.co/Iq0oH6vDpY","2020-05-25T09:19:38.000Z"
"We let you go, but you need to leave us https://t.co/k03q1B3HYU","2020-05-25T09:19:41.000Z"
"@L0velyL0ey HAHAHAHAHA. ANG HIRAP KUMALMA. ğŸ¤£","2020-05-25T09:19:44.000Z"
"Sarap makitulog sa kwarto ni mame naka ac HAHAHHAHA","2020-05-25T09:19:45.000Z"
"nakakatuwa lang mabasa sa plaza goodvibes another talent sino gusto magpagupit

BARBER NA SI MAYMAY https://t.co/yWdwYruKoh","2020-05-25T09:19:48.000Z"
"Feeling ko talaga mag kasama silang lahat..","2020-05-25T09:19:49.000Z"
"@mrygbrllgrnfl BAKA MAGORDER NA DIN TO ONLINE NG HINDI SINASABI KELA MOMMY. MANA DAW SAKIN EH","2020-05-25T09:19:51.000Z"
"Stereotypes and how to break the stigma.","2020-05-25T09:19:51.000Z"
"@jeremiiiaaah @iamharoun HAHAHAHAHAHA slack naman ang uban pud Jem charot hahahaha","2020-05-25T09:19:51.000Z"
"What if naay mag-chat?

â€œNaga baligya kaâ€™g pantalon, sir?â€

Department store ko, dai?","2020-05-25T09:19:53.000Z"
"Just woke up. Grabe nga tulogay ğŸ˜‚","2020-05-25T09:19:53.000Z"
"Lami kaayo ako tog ba nya binuangan lang kos ako mga igsuon nga naay nangeta nako pisteng yawa","2020-05-25T09:19:54.000Z"
"Nauurat na ako dito sa katatayo ko.","2020-05-25T09:19:55.000Z"
"Pag ikaw talaga napuruhan.","2020-05-25T09:19:56.000Z"
"naka deact","2020-05-25T09:19:59.000Z"
"UBOS","2020-05-25T09:19:59.000Z"
"tinry ko ilang beses DLSU talaga ejdjsjkdkskd https://t.co/2mI33psI1h","2020-05-25T09:20:02.000Z"
"Miss my og bb ghorl ğŸ¥º
Luv u @maxine_mrtnz https://t.co/iDvuA37Ha3","2020-05-25T09:20:03.000Z"
"Oh, right thatâ€™s why I have 43 pending app updates. We just got iOS 13.5 a few days ago.","2020-05-25T09:20:04.000Z"
"#Tutoktowinsawowowin, shopee waiting po,09202360585, From Camia St Agham Rd Barangay Central Diliman Quezon City kuyawill., shopee://youtu.be/3Jn6Vc-xBpY","2020-05-25T09:20:04.000Z"
"@daaniicaajae Taray iba talaga kapag may inspirasyon hahaha kinikilig habang naglalaro haha","2020-05-25T09:20:04.000Z"
"@pusitronic @Victorious_0410 Luhhhh bakit? Ndi ka masyado nag iinom ng water? And diet?","2020-05-25T09:20:08.000Z"
"got me feeling like pop rock, strawberry, bubble gum ğŸ¶","2020-05-25T09:20:08.000Z"
"ğŸ˜ğŸ˜ğŸ˜ğŸ˜ğŸ˜ğŸ˜ğŸ˜ğŸ˜ https://t.co/HlYjehWzMm","2020-05-25T09:20:08.000Z"
"GANDA MAREğŸ¤§â¤ï¸ https://t.co/y67fszACPq","2020-05-25T09:20:09.000Z"
"AaaAaaaAcKkkkkkkkkkkkk https://t.co/zwGx6WSEur","2020-05-25T09:20:09.000Z"
"Iloveyou &amp; imissyouğŸ¥ºğŸ’• https://t.co/kFoTt1JjO6","2020-05-25T09:20:09.000Z"
"@teszhamari Si.","2020-05-25T09:20:10.000Z"
"Uy edi kilala mo na kung sino nag drawing ng poring sa notebook mo noon? Hahahahahahaahahahaha ğŸ˜‚ğŸ˜‚ğŸ˜‚","2020-05-25T09:20:11.000Z"
"@evemanlimbana dakoa na kyo oy hahahahaha sanaol","2020-05-25T09:20:11.000Z"
"Parang ayoko na mag Facebook puro pagkain nakikita ko ğŸ˜”","2020-05-25T09:20:11.000Z"
"ibus, cocoa and mangga. kaperfect ba","2020-05-25T09:20:12.000Z"
"AwwğŸ¥ºTHANK U!HAHA https://t.co/c4bw1g75ty","2020-05-25T09:20:13.000Z"
"You tooğŸ’™ğŸ’™ğŸ’™ https://t.co/Ad0PvjXYjJ","2020-05-25T09:20:14.000Z"
"Imyt ğŸ¥º https://t.co/WsHuRnzaPH","2020-05-25T09:20:14.000Z"
"Gusto mong maiyak bigla pero kailangan mo magpanggap na okay ka lang ğŸ’”ğŸ¥º","2020-05-25T09:20:14.000Z"
"OMGâ¤ï¸ Park Shin Hyeeâ¤ï¸ https://t.co/QjMsXRRRDw","2020-05-25T09:20:15.000Z"
"Gusto ko lang maging masaya.","2020-05-25T09:20:15.000Z"
"iba yung kaba pag si @ralganes nag chachat ğŸ˜‚","2020-05-25T09:20:15.000Z"
"Pasikat ba kaayo ani na acc oy jusq stop impersonating people for fame !! https://t.co/9Jsoy1jDcd","2020-05-25T09:20:18.000Z"
"@MidasExclusives @Morning73052932 @luckyMizzy","2020-05-25T09:20:19.000Z"
"Putteeeek talaga ğŸ˜ pero kaya yan tiis lang","2020-05-25T09:20:19.000Z"
"@abcdesaaaa ELENA","2020-05-25T09:20:19.000Z"
"ngano naay ingani nga lalaki no? Akong uyab tagbaw ug bahug sako para mas mudako akong bilbil unya naa na syay toy!animal man diay mo! https://t.co/kFcS8hD34c","2020-05-25T09:20:19.000Z"
"scholarship over a stupid relationship","2020-05-25T09:20:20.000Z"
"Sige lg manira ka lg wala akong pake HAHAHAHAHAHAHAHAHA","2020-05-25T09:20:20.000Z"
"@iyaycruz wuw. You're dragging the awesome me instead of dragging the toxic people in your life huh? https://t.co/gxN8JZNjrQ","2020-05-25T09:20:21.000Z"
"Huhu. Kalihukan na bia kaayo ani akong toddler tapos taped ang diaper. Dili pants. Hahaha. Kalisod jud pag dili ako ang mag-grocery. ğŸ¤£ğŸ˜‚ğŸ¤£","2020-05-25T09:20:23.000Z"
"bat kasi di nalang tayo?","2020-05-25T09:20:24.000Z"
"@_hezekiahrain Sorry na bossâ˜¹ï¸","2020-05-25T09:20:25.000Z"
"@hyasrodriguez hays, defresh kakadeliver","2020-05-25T09:20:25.000Z"
"Mia na balik Bukidnon oyps","2020-05-25T09:20:26.000Z"
"Legit yung bigla ka nalang matutulala, tas biglang patak ng luha.","2020-05-25T09:20:26.000Z"
",,,,,,,,,,,,,,,,,,same https://t.co/ITHUfqbB2p","2020-05-25T09:20:26.000Z"
"let us all be mindful and check on each otherâ€™s health, physical and mental.","2020-05-25T09:20:26.000Z"
"HAHAHAHAHA MANIGAS KAYO SA INGGIT ğŸ¤£ğŸ¤£ğŸ¤£ https://t.co/LUqYIPYIwk","2020-05-25T09:20:27.000Z"
"Seryoso wings prepo lang talaga gusto ko pag scroll ko ulit bakit madami na sila ğŸ™ƒ

JK, Chim wings prepo and JK pickets https://t.co/2mkYiPTxlL","2020-05-25T09:20:27.000Z"
"SPOTIFY - R U Ridinâ€™?

https://t.co/kT5l301Jtl

#ë°±í˜„Â  #BAEKHYUNÂ  #ì—‘ì†Œ #EXO #weareoneEXO #DelightÂ  #Candy #BAEKHYUN_CandyÂ  #í¥ì´_ì—ë¦¬_ê¸°ê°€ë§‰íŒ_ì¼€ë¯¸ìŠ¤íŠ¸ë¦¬ https://t.co/HU28oGVkEv","2020-05-25T09:20:28.000Z"
"Di ko talaga akalain na maaadik ako sa ML! Packing covid kasi yan! HAHAHAHA https://t.co/vDcJih86QR","2020-05-25T09:20:31.000Z"
"@MudBlood_0118 Oh yes! Emma Roberts was really great! And Sara Paulson too ğŸ˜Š","2020-05-25T09:20:35.000Z"
"AKO NA AKO. MOTIVATION KO DITO SI TINKER BELL OK FIGHT ME https://t.co/ZwZWReFQUC","2020-05-25T09:20:35.000Z"
"Mamaya ko nanamnamin mga kanta mo baek!!","2020-05-25T09:20:36.000Z"
"Fuck that bitch my face wasnâ€™t in it","2020-05-25T09:20:37.000Z"
"Out na pala sya!!! https://t.co/4idvHydo06","2020-05-25T09:20:38.000Z"
"gigil ako kanina e HAHAHAHAA","2020-05-25T09:20:38.000Z"
"SANA ALL NATITIGAN NG GANYAN NG NAG IISANG BAEKHYUN! Hahaha

#ë°±í˜„Â  #BAEKHYUNÂ  #ì—‘ì†Œ #EXO #weareoneEXO #DelightÂ  #Candy #BAEKHYUN_CandyÂ  #í¥ì´_ì—ë¦¬_ê¸°ê°€ë§‰íŒ_ì¼€ë¯¸ìŠ¤íŠ¸ë¦¬Â 

 https://t.co/AYPsCJldZY","2020-05-25T09:20:38.000Z"
"just being random...
lex: sakit akong ulo
me: *ignoring him
lex: SAKIT AKONG ULO!! *pinashout
me: *still ignoring him busy ko duwa township ğŸ¤ª
lex: TABANGI KO PLEASE!!!!!!ğŸ¤¯
me: LOL

magpamasahe diay siya oi. tawn podğŸ˜† @lexalinsod ğŸ˜˜","2020-05-25T09:20:43.000Z"
"26th ğŸ’•ğŸ˜ğŸ‚ğŸğŸ¨ @ Binalonan, Pangasinan https://t.co/GBlhENJwup","2020-05-25T09:20:43.000Z"
"THIS IS THE DREAM https://t.co/nVyKoPckMe","2020-05-25T09:20:44.000Z"
"KIYOKO-SAAAAAN
Kessen Spirit by HoneyWorks feat. CHiCO https://t.co/a3AI9Y0lwL","2020-05-25T09:20:44.000Z"
"@owwmiguell iro HAHHAHHAHHA","2020-05-25T09:20:46.000Z"
"earth is such a cutie https://t.co/knsWkA3zJX","2020-05-25T09:20:47.000Z"
"Luh balakayojan â˜¹ï¸â¤ï¸â¤ï¸â¤ï¸ https://t.co/lG7nRiEBYl","2020-05-25T09:20:47.000Z"
"@harleneadv tingin nga ako hahahahahahaha","2020-05-25T09:20:47.000Z"
"1st ever war pero kalaban ko naka TH 8 na tapos ako TH 5 pa lang HAHAHAHAHAHAHAHA","2020-05-25T09:20:48.000Z"
"Tangina talagaaaaaaa @B_hundred_Hyun Nakakainis bat naman ganto. Grabe atake moooo https://t.co/0AcS7v3ovV","2020-05-25T09:20:48.000Z"
"unbothered QUEEN and thatâ€™s on PERIODT. #RainOnMe https://t.co/cRSgAX4Cnl","2020-05-25T09:20:48.000Z"
"Forgot how my face looks like without glasses. For documentation purpose only. https://t.co/hmKzFatTAy","2020-05-25T09:20:49.000Z"
"ugh kalami sa lechooon","2020-05-25T09:20:51.000Z"
"TITA YUNG ANAK MO TINATAWANAN AKO ğŸ¤£ğŸ™„â¤ï¸ https://t.co/HBDCw7xACU","2020-05-25T09:20:53.000Z"
"ğŸ‘½ https://t.co/Y2jfinTFF0","2020-05-25T09:20:53.000Z"
"Kuya wil sana mapili mo ako kc 2 months na po akong no work no pay para may ipadala ako sa nanay ko at start ng small business","2020-05-25T09:20:56.000Z"
"Looks like whateverâ€™s happening in our government is also happening elsewhere. https://t.co/GeYDf1XuYp","2020-05-25T09:20:57.000Z"
"ğŸ˜”ğŸ¤˜ğŸ½ https://t.co/m6O3tMhiHM","2020-05-25T09:20:58.000Z"
"ANG MAHAL MO NAMAN https://t.co/6n0nTzR1Sx","2020-05-25T09:20:59.000Z"
"HOLY SIETTTT https://t.co/pNGp5Vi7nw","2020-05-25T09:20:59.000Z"
"Love is patient.","2020-05-25T09:21:00.000Z"
"@kimnamjoonpls Baka di pa nalalagay lahat parang konti pa yun eh","2020-05-25T09:21:00.000Z"
"Kelan ba matatapod itong pandemic na to. Nakalimutan ko na lass ng alak.","2020-05-25T09:21:00.000Z"
"Ang tanga tanga ko sayo. ğŸ’€","2020-05-25T09:21:02.000Z"
"@iamharoun @jeremiiiaaah Mas confirmed patong senior kesa sa nagtender ug RL charot hahahahahahahahaha","2020-05-25T09:21:02.000Z"
"at ayun nagyaya na nga sila tita ic uminom HAHAHHAHAHAHAHA BABA NA KAYA KO","2020-05-25T09:20:58.000Z"
"#BAEKHYUN_CANDY #Delight https://t.co/l8bmljT698","2020-05-25T09:21:04.000Z"
"@_jowly Di naman ako liar. Wuw. ğŸ˜œ","2020-05-25T09:21:05.000Z"
"Tabaaang https://t.co/nKlSNGXeWe","2020-05-25T09:21:07.000Z"
"Sending my virtual HUG and PRAYER for you @BTOB_ILL ğŸ’™
Always remember, BTOB &amp; Melody is ALWAYS here for you... FIGHTING! https://t.co/bzw0LmEHHk","2020-05-25T09:21:07.000Z"
"@GreyHuMin Ohhhhhh.. Sayang ndi ko naabutan yung kainitan... Hahaha.. Na windang din ba pati kayo nila kuya Ed?","2020-05-25T09:21:08.000Z"
"ubos agad data pota","2020-05-25T09:21:08.000Z"
"#ì—¬ìì¹œêµ¬ #GFRIEND  My first #BuddySelcaDay  

Working on a holiday with the cutest bunny ğŸ˜‰ https://t.co/SfquptaOYB","2020-05-25T09:21:08.000Z"
"Down to itâ€™s last episode. Huhu bess","2020-05-25T09:21:09.000Z"
"@StarCinema Ganda","2020-05-25T09:21:09.000Z"
"@sasoybean Hahahahhahahahaha today po start ng booking","2020-05-25T09:21:09.000Z"
"natae na sa dami ğŸ˜†ğŸ˜†","2020-05-25T09:21:09.000Z"
"Pag walang alam, tahimik nalang.","2020-05-25T09:21:10.000Z"
"Why he suddenly Reminds me of Thada https://t.co/XG74QuzH1b","2020-05-25T09:21:10.000Z"
"Tangina lahat na lang! No wonder a lot of businesses are leaving the Philippines! https://t.co/hlDOrEytOm","2020-05-25T09:21:10.000Z"
"The entire album is a bop!!! Festive!! ğŸ“ğŸ‰ğŸ¬ğŸ­

#ë°±í˜„ 
#BAEKHYUN
#Delight 
#BAEKHYUN_Candy 
#í¥ì´_ì—ë¦¬_ê¸°ê°€ë§‰íŒ_ì¼€ë¯¸ìŠ¤íŠ¸ë¦¬","2020-05-25T09:21:10.000Z"
"@thefredalvaro @angelannmp WTF KALA KO BUNTIS SI @JustSarahG dahil dito - CONGRATULATIONS SARAHG","2020-05-25T09:21:10.000Z"
"https://t.co/vXQmBqZVHi","2020-05-25T09:21:11.000Z"
"#NoPressure https://t.co/218HQwYMXn","2020-05-25T09:21:13.000Z"
"Chewy Chunky Bittersweet Chocolate Oatmeal Raisin Cookies (Sorry ang haba ng title) ğŸª #legit

Ready na po for pickup via Grab and Lalamove to be shouldered by the buyer. PM is the key.â€¦ https://t.co/h8EK9PsJhJ","2020-05-25T09:21:16.000Z"
"@donnypangilinan apaka cute â¤ï¸â¤ï¸â¤ï¸â¤ï¸","2020-05-25T09:21:16.000Z"
"@benedictowelmar @cherrioss Waley date. Estimated mid june to july.","2020-05-25T09:21:16.000Z"
"@zeusfelixthecat Si @Hoy_Aina daw sana","2020-05-25T09:21:16.000Z"
"@itsdhennmarkkk @dayanaroseb","2020-05-25T09:21:17.000Z"
"AJSHSJSJS ano kaya pakiramdam ni ate gorl. https://t.co/JAqt1iS7v6","2020-05-25T09:21:18.000Z"
"Naka repeat pala melon ko ngayon ko lang napansin ğŸ¤£ğŸ¤£ğŸ˜…","2020-05-25T09:21:19.000Z"
"@ayishuh sorry po maam remolano bagsak mo na ko huhuhu","2020-05-25T09:21:19.000Z"
"King Baekhyun sitting at the top #BAEKHYUN_Candy https://t.co/fO9cDL5uWa","2020-05-25T09:21:21.000Z"
"san kaya may balot ğŸ¥º","2020-05-25T09:21:23.000Z"
"Sup mga viviy's? Grocery muna ako ğŸ˜… https://t.co/rgxWmD36nW","2020-05-25T09:21:23.000Z"
"Papakidnap nalang talaga kay Radleigh ğŸ¤­ğŸ˜… https://t.co/3sKBBdMu5t","2020-05-25T09:21:23.000Z"
"@AireDiah Hahahahahaha ngeeee ğŸ˜‚","2020-05-25T09:21:24.000Z"
"solo gaming","2020-05-25T09:21:24.000Z"
"https://t.co/Wcr10Wfwj8","2020-05-25T09:21:25.000Z"
"So much love ğŸ’•ğŸ’•ğŸ’• Shit worth the wait https://t.co/w01m5tq3mQ","2020-05-25T09:21:27.000Z"
"ako nanaman mali tangina","2020-05-25T09:21:27.000Z"
"tuwan tuwa natalo ako HAHAHAHHSHSHS","2020-05-25T09:21:28.000Z"
"https://t.co/4UZUSMqumG","2020-05-25T09:21:28.000Z"
"Add To Cart, Add To Cart, Add To Cart, Add To Cart...Pero hindi mo macheck out!!! ğŸ¤£ğŸ¤£ğŸ¤£","2020-05-25T09:21:29.000Z"
"@MaamSyj Maraming beses nag blackout. Para mag restart, kulang ang korienteng binabayad. Malamang high tension wire na pang electric shock na pampagising?","2020-05-25T09:21:31.000Z"
"On my husband's defense, ngano man gud daw naa pay taped na XL. Hahaha. Samok. Tapos ang gipalit na crispy fry murag naa mi carenderia!!!","2020-05-25T09:21:31.000Z"
"ANUNA https://t.co/3vsABYyjBn","2020-05-25T09:21:32.000Z"
"BARATOHAS WINGS PREMIUM PHOTO","2020-05-25T09:21:33.000Z"
"Nobody gets on top alone. 
The higher I climb in this ladder of life, the more I need a stronger support system to count on.","2020-05-25T09:21:35.000Z"
"Mag jump rope na koooo yayyyyy ugma nalang ğŸ˜…","2020-05-25T09:21:35.000Z"
"Hi baka magustuhan mo vector art ko para sayo haha https://t.co/vJvBqOWVMF","2020-05-25T09:21:35.000Z"
"yawa lagi ning lake nga ni piste oy lisod baya mag build og self confidence tas anion ra ggo toxic ra kayka dong https://t.co/kL9ZgioBTO","2020-05-25T09:21:36.000Z"
"apakasexy amp ğŸ¥ºâ¤ï¸ https://t.co/c2d5J8ZzeR","2020-05-25T09:21:36.000Z"
"It's closer to the truth to say you can't get enough. You know you're gonna have to face it, you're addicted to love. ğŸ¶","2020-05-25T09:21:37.000Z"
"photos out of boredom â€¼ï¸ https://t.co/2vMieG6741","2020-05-25T09:21:40.000Z"
"i'll but the album on itunes bahala na si mama ğŸ˜…ğŸ˜…ğŸ˜…","2020-05-25T09:21:41.000Z"
"Tats â¤","2020-05-25T09:21:41.000Z"
"@gmawowowin Tutoktowin sawowowin Bernadette Datiles catanauan Quezon province#09674313003 sana PO matawagan nyo den kame good bless PO","2020-05-25T09:21:41.000Z"
"Betcha 2.0 INDEED!!!  https://t.co/sW7iek8CMl","2020-05-25T09:21:43.000Z"
"Ano sabi mo naka porma ako sa bahay?? ulol pambahay ko lg talaga to hahaha  palibhasa dugyot ng pambahay mo e hahahaha opss","2020-05-25T09:21:43.000Z"
"Quarantine Food â€¼ï¸â€¼ï¸â€¼ï¸
Chicken Curry ğŸ’¯
ğŸ“¸ @FaithDolendo 

#QuarantineFood #HomeMade #ChickenCurry #Curry #PinoyFood https://t.co/GRWHSRZWA4","2020-05-25T09:21:43.000Z"
"Ang gwapo nya ditoğŸ˜³ğŸ˜ğŸ˜ https://t.co/vYsZFtTDLY","2020-05-25T09:21:44.000Z"
"@Mscathygonzaga Sarap","2020-05-25T09:21:44.000Z"
"@clrsskeith @anngeeelieee For sure!","2020-05-25T09:21:47.000Z"
"Tinolang Manok ğŸ¥° chef na ko hahahahahaha","2020-05-25T09:21:49.000Z"
"GRABEEEE.

#ë°±í˜„Â  #BAEKHYUNÂ  #ì—‘ì†Œ #EXO #weareoneEXO #DelightÂ  #Candy #BAEKHYUN_CandyÂ  #í¥ì´_ì—ë¦¬_ê¸°ê°€ë§‰íŒ_ì¼€ë¯¸ìŠ¤íŠ¸ë¦¬ https://t.co/nph0g9gWd9","2020-05-25T09:21:50.000Z"
"Hi Crux. E heart bi.ğŸ’–ğŸ˜ğŸ¤£ https://t.co/tv1bjAqKt1","2020-05-25T09:21:50.000Z"
"Gustong gusto umuwi ng father ko, gusto rin namin siya makasama pero sa sistema ng quarantine baka yung bakasyon niya e di rin namin siya makapiling https://t.co/8IesehIl4l","2020-05-25T09:21:50.000Z"
"HINDI PA AKO NATUTO HAHAHA ğŸ™ƒ","2020-05-25T09:21:53.000Z"
"@L0velyL0ey MAGWALA NA TAYO!!! HAHAHAHA. DI AKO MAKAPILI NG FAVORITE SA BUONG ALBUM!!! SOBRANG BOP!! ğŸ¬","2020-05-25T09:21:55.000Z"
"hindotğŸ‘€ https://t.co/Pc0Xgwd5jC","2020-05-25T09:21:55.000Z"
"ang tigas na ulit ng buhok ko hahaha :(","2020-05-25T09:21:55.000Z"
"https://t.co/otASlEc8Ep","2020-05-25T09:21:56.000Z"
"hulihin niyo na ako https://t.co/nK7QYkSa6r","2020-05-25T09:21:56.000Z"
"https://t.co/t0HRBHiOVx","2020-05-25T09:21:56.000Z"
"Luh bigla nalang nag lolove you 'to â¤ğŸ˜³","2020-05-25T09:21:59.000Z"
"OMG!!! NUNG NAGSTART AKO NETO HANGGANG KAHAPON WALA PA TO EH TOP 10 LOL PERO MISS KO NA SI STEVEN â˜¹ï¸ https://t.co/s6PAZMqot9","2020-05-25T09:22:01.000Z"
"Miss uâ˜¹ https://t.co/I7Nu0Y2yjh","2020-05-25T09:22:01.000Z"
"@Mscathygonzaga Pahingi idol","2020-05-25T09:22:01.000Z"
"@imungMama DI KA TITIGIL????? https://t.co/5L3RaI5r6P","2020-05-25T09:21:59.000Z"
"Awit https://t.co/cNULFCSW3i","2020-05-25T09:22:02.000Z"
"@mulbyeongjali Anong nickname?","2020-05-25T09:22:03.000Z"
"@aeiou_abie Tanga pupunta kami","2020-05-25T09:22:03.000Z"
"Hahaha https://t.co/xLpp6tTh5C","2020-05-25T09:22:03.000Z"
"You were my Peter Pan and I was your Tinker Bell whom you left for Wendy.","2020-05-25T09:22:04.000Z"
"@__lilydnain Nasib baik juga. Dah baca juga yg tadi yg dorang ni sudah lama dikuarantin","2020-05-25T09:22:04.000Z"
"https://t.co/Z9mHVlI3Ra","2020-05-25T09:22:04.000Z"
"@clarisecenteno Puro  chocolate ako hahahahhahaha","2020-05-25T09:22:06.000Z"
"@Jademcallos Tara duo","2020-05-25T09:22:06.000Z"
"SPOTIFY - Bungee

https://t.co/kT5l301Jtl

#ë°±í˜„Â  #BAEKHYUNÂ  #ì—‘ì†Œ #EXO #weareoneEXO #DelightÂ  #Candy #BAEKHYUN_CandyÂ  #í¥ì´_ì—ë¦¬_ê¸°ê°€ë§‰íŒ_ì¼€ë¯¸ìŠ¤íŠ¸ë¦¬ https://t.co/yxYtXyAJra","2020-05-25T09:22:06.000Z"
"yung nililibang mo na yung sarili mo, wag mo lang maalala yung sakit.","2020-05-25T09:22:07.000Z"
"Pang bili na ng rim set, naging pang tubos pa ng lisensya HAHAHAH","2020-05-25T09:22:07.000Z"
"Hindi ko naman first time mag mens pero parang bakit nag aalala pamilya ko at napaka caring nila sakin ngayon","2020-05-25T09:22:08.000Z"
"aray ayaw na talaga

pucha ka kasi brian kakadelay mo yan ayaw na ng explanation mo, magdusa ka ngayon https://t.co/nylSyz8IvA","2020-05-25T09:22:09.000Z"
"@KaithCastillo Nako, inabot na ako ng 5years kaka-""wag muna, tiis lang"" hahahaha","2020-05-25T09:22:10.000Z"
"kinakabahan na akoğŸ˜­ğŸ¤§ğŸ™ğŸ™ğŸ™#ë°±í˜„ #BAEKHYUN #ì—‘ì†Œ #EXO #weareoneEXO #Delight #Candy #í¥ì´_ì—ë¦¬_ê¸°ê°€ë§‰íŒ_ì¼€ë¯¸ìŠ¤íŠ¸ë¦¬ @weareoneEXO @B_hundred_Hyun https://t.co/dLsPpQLIJC","2020-05-25T09:22:10.000Z"
"Kung dili na gali ka balikan, ayaw na pamugos. Free yourself, bhoy. Kung kamo, kamo gyod.","2020-05-25T09:22:10.000Z"
"â€¼ï¸â€¼ï¸â€¼ï¸â€¼ï¸â€¼ï¸â€¼ï¸ https://t.co/XAxq0qNAQw","2020-05-25T09:22:14.000Z"
"I am raising money for Help fund mylene's medical expenses. Click to Donate:  https://t.co/L4aZ7vsJYj via @gofundme","2020-05-25T09:22:15.000Z"
"Only Beakhyun could pull of that upside-down ğŸ‘• and still look oh so hot!!! @B_hundred_Hyun https://t.co/ITRvl8davs","2020-05-25T09:22:16.000Z"
"@r4riezel Always here for you sis!!! Forever! â¤ï¸","2020-05-25T09:22:18.000Z"
"Long weekend well spent â¤ï¸","2020-05-25T09:22:19.000Z"
"ang wholesome talaga ng goblin grrrrrrrrr
kinikilig akoğŸ˜©ğŸ˜©ğŸ¥°","2020-05-25T09:22:19.000Z"
"@kathrnxx Halaaaaa hahahaha masama ba? Cute kaya ğŸ˜ nasa laptop na kasi pics natin na iba e â˜¹ï¸ miss Ã¼ madam!!! â¤ï¸ https://t.co/X7tSwIShEr","2020-05-25T09:22:20.000Z"
"@heypolkerson HAHAHAHAHAHAHAHAHA MGA WARRIORS","2020-05-25T09:22:22.000Z"
"you are one of the few things worth rememberingğŸ¶","2020-05-25T09:22:24.000Z"
"@GreyHuMin @DadaDr3w @sutilako @pusitronic @blue_topakia69 @health_worker5 @inkedPOZguy @bronzemonkey09 @jake_positive Naka sarado OPD namin Mamang... For admission ba yan? Or Urgent? Pwede sa ER..","2020-05-25T09:22:26.000Z"
"@mxmjms @danielagraceee HAAHAAHAH proven and tested","2020-05-25T09:22:26.000Z"
"Tropa paden keta pero dikana kasama sa tunay!!â¤","2020-05-25T09:22:27.000Z"
"#StandWithHongKong

ğŸ™ ğŸ™ ğŸ™","2020-05-25T09:22:29.000Z"
"haaaaaaaaa both :-(( hnng badminton talaga main sport q https://t.co/oEnU1hysEE","2020-05-25T09:22:32.000Z"
"Tanginamo, Sakura","2020-05-25T09:22:33.000Z"
"maka bwisit og pirme kauban, peroâ€™g malayu mingaw kaayu. https://t.co/Zx0HzwUdkL","2020-05-25T09:22:33.000Z"
"@_andreaaaaxx https://t.co/VRSlWo4CjM","2020-05-25T09:22:34.000Z"
"when memories hit you, it hurts.","2020-05-25T09:22:35.000Z"
"Morals tinuturo pero di na aapply sa sarili. oOf https://t.co/4Z0EQrDK1H","2020-05-25T09:22:35.000Z"
"goshhhhhhhhhhhhhhhh https://t.co/7Gru2y3sNA","2020-05-25T09:22:36.000Z"
"ğŸ˜­
#ë°±í˜„ #BAEKHYUN #ì—‘ì†Œ #EXO #weareoneEXO #Delight #Candy #í¥ì´_ì—ë¦¬_ê¸°ê°€ë§‰íŒ_ì¼€ë¯¸ìŠ¤íŠ¸ë¦¬ @weareoneEXO @B_hundred_Hyun https://t.co/HjJvBi4W9j","2020-05-25T09:22:37.000Z"
"@Yepiiie @___m_chael ang laki ng contribution nyo para makamit to!!! https://t.co/GIbVIhg0xo","2020-05-25T09:22:39.000Z"
"Ang sakit ng ulo ko","2020-05-25T09:22:41.000Z"
"@PhilstarNews Uy pakisabi po bawal ang fake news ha!! May Bayanihan Act tayo remember o exempted na naman sila??","2020-05-25T09:22:41.000Z"
"Walang kwentang anime yung Koi to Uso tsk","2020-05-25T09:22:41.000Z"
"Odiba ilang oras at ilang takes pero wala akong matinong vid. Ayoko na! ğŸ˜‚","2020-05-25T09:22:48.000Z"
"pleasing everbody, no that's not my thing. Go and think what u want to. And I'll respect and accept it ğŸ˜˜","2020-05-25T09:22:48.000Z"
"Humana jud maglabor sa panday, bai di jud dali diay mahimong construction worker. Maong idol jud ni sila na mga trabahante ay","2020-05-25T09:22:49.000Z"
"@kkyaanaaaaa UP ğŸ¥º","2020-05-25T09:22:49.000Z"
"@GreyHuMin @DadaDr3w @sutilako @pusitronic @blue_topakia69 @health_worker5 @inkedPOZguy @bronzemonkey09 @jake_positive Kuya @DadaDr3w urgent po ba? For emergency?","2020-05-25T09:22:49.000Z"
"@broadbrowss @KarminePH UNSA MANI DOH HAHAHA","2020-05-25T09:22:51.000Z"
"HAYLEY! ğŸŒ¸ https://t.co/WT6e5ra0KF","2020-05-25T09:22:52.000Z"
"Magluto kog fried chicken everyday or tanang gulay iligo nakog crispy fry para mahurot ning gipalit sakong bana. Hahahaha. Kadaghan!!!!","2020-05-25T09:22:52.000Z"
"Hahahaha totoo https://t.co/SkWZkHF2DI","2020-05-25T09:22:54.000Z"
"@janreanne_ @BigHitEnt Mag mini pc ka na lang. hahahahaha","2020-05-25T09:22:54.000Z"
"@RjayAgbon @JamesAyuson Dalaw ako s condo nyo balang araw ğŸ˜…ğŸ˜˜","2020-05-25T09:22:55.000Z"
"Yawa ka ulit jod kog hunahuna bay.","2020-05-25T09:22:55.000Z"
"@loeynibaek Yes po","2020-05-25T09:22:58.000Z"
"https://t.co/tCqowLVS9K","2020-05-25T09:23:00.000Z"
"ğŸ˜‚ğŸ¤£ğŸ˜‚ https://t.co/9z6PoB5FvO","2020-05-25T09:23:00.000Z"
"ive been yawning all day","2020-05-25T09:23:00.000Z"
"SANDALEEEEE. KINIKILIG AKOOOO PUTA. AUTHOR NIM IBALIK MO MGA LUHA KO https://t.co/JdWbByfxOY","2020-05-25T09:23:06.000Z"
"Mga tanga https://t.co/YoiPm8cTJn","2020-05-25T09:23:06.000Z"
"Akala ko yung kaligayahan na nararamdaman ko dati panaginip lang pala lahat. ğŸ˜ğŸ˜ğŸ˜","2020-05-25T09:23:07.000Z"
"Gi ignan nga 5pm mag close, mu insist pa jud na 7pm mi. Gahig ulo! ğŸ¤¬","2020-05-25T09:23:07.000Z"
"SO PROUD OF YOUUUU https://t.co/5X9EEojtfh","2020-05-25T09:23:07.000Z"
"@grcbueno Siya may pinakalami gyud sa ilaha bai","2020-05-25T09:23:09.000Z"
"ludop ludop","2020-05-25T09:23:10.000Z"
"Ngangayon lang ulit kami nagusap","2020-05-25T09:23:13.000Z"
"@chustynnn paano ba kase pumunta nyeta","2020-05-25T09:23:14.000Z"
"@cheeydee @B_hundred_Hyun @weareoneEXO I'M DED","2020-05-25T09:23:15.000Z"
"nagtatalo kami ng kapatid ko sa ipad, dahil bet nya panuorin twice (oo ONCE sya ğŸ˜‘) at ngayon ko lang nalaman.","2020-05-25T09:23:16.000Z"
"Sheeeetttt ğŸ˜­ğŸ˜­ğŸ˜­â™¥ï¸â™¥ï¸â™¥ï¸ https://t.co/yDM1a8hMTD","2020-05-25T09:23:17.000Z"
"kulitin ko muna si janelle HAHAHAHAHAHAHAHAHA","2020-05-25T09:23:18.000Z"
"@nikko_sh https://t.co/BIsHPhgZue","2020-05-25T09:23:19.000Z"
"@pusitronic @Victorious_0410 Kailan TOHHH? ğŸ˜£ğŸ˜£ğŸ˜£ğŸ˜£","2020-05-25T09:23:19.000Z"
"""Any first words?"" ğŸ¤£ğŸ¤£ğŸ¤£ https://t.co/JHifuYQQXJ","2020-05-25T09:23:23.000Z"
"Kailangan ko na atang maghubad sa mga pics ko para mapansin ni crush potek","2020-05-25T09:23:24.000Z"
"@L0velyL0ey OMG!!! I LOVE GHOST!!!! ğŸ˜­ğŸ˜­ğŸ˜­ğŸ˜­ğŸ˜­","2020-05-25T09:23:25.000Z"
"@Katrinayuuuu Kalabasa fries bessy","2020-05-25T09:23:25.000Z"
"ep. 9 
what it means to cross the line.. https://t.co/2tXq8MR3mc","2020-05-25T09:23:25.000Z"
"sana all may ganto https://t.co/ZwSCeAxkpk","2020-05-25T09:23:26.000Z"
"@elladenise10 Minsan nga lang","2020-05-25T09:23:26.000Z"
"@alyyy_94 @B_hundred_Hyun @weareoneEXO WAA HINDI KO NA ALAM MARARAMDAMAN KO SA ALBUM NA TO","2020-05-25T09:23:26.000Z"
"Wait lang imagine EXO's dancing to this candy!! Mygad","2020-05-25T09:23:27.000Z"
"Ø³ÙˆÙ‚ Ù…Ø¯ÙŠÙ†Ù‡ Ø¨Ø§Ù‚ÙŠÙˆ Ø§Ù„Ø´Ø¹Ø¨ÙŠ     Baqiu City Market Popular
#2012
#baqiupi  #city  #marketingdigital  #popular  #populares  #baqiupitas @ Bagiuo Philippines, the City of Pines https://t.co/PM1rCyWynR","2020-05-25T09:23:29.000Z"
"https://t.co/Vk0kJz7i29","2020-05-25T09:23:29.000Z"
"@ejsilahis21 @aeiou_abie Tuts mapag inarti, pumunta na u kina ezay para sabay na kayo","2020-05-25T09:23:32.000Z"
"Thank u sa aking bebe na nag insist na ipag type ako hehe. Big help ğŸ’• @luigiebagsic","2020-05-25T09:23:32.000Z"
"@DrunkenTigerJK yes please","2020-05-25T09:23:34.000Z"
"@clrsskeith @anngeeelieee https://t.co/1z5v1xh1M0","2020-05-25T09:23:34.000Z"
"Parang gusto ko nalang na laging nakakulong sa kwarto :((
#Anxiety https://t.co/Wtop6wv194","2020-05-25T09:23:34.000Z"
"I miss doing this to you. ğŸ¥ºğŸ¥ºğŸ¥º https://t.co/mWQ2xCtt9B","2020-05-25T09:23:35.000Z"
"eto yung sinasabi ko. di man siguro ganun sila katanga mga abogado naman yun di ba may napapala kaya walang gawa https://t.co/9aybEaD8zl","2020-05-25T09:23:36.000Z"
"ğŸ https://t.co/JDRAz2AGTd","2020-05-25T09:23:38.000Z"
"Ang pangit ng ending HAHAHAHA seryoso ba kayo don","2020-05-25T09:23:39.000Z"
"Goodluck sa 5am shift aniğŸ˜‚ğŸ˜” sayuha oi 4am call time hahahayss https://t.co/MLcaWm9ObJ","2020-05-25T09:23:40.000Z"
"@ktrnmaem Gurl alam mo yung salitang mapagpanggap HAHAHAHAHAHAHAHA","2020-05-25T09:23:40.000Z"
"@zrhsnz HAHAHAHAHAHAHA PRACTICALITY AT IT'S FINEST ZAR HAHAHAHA SHAT TA BEPS","2020-05-25T09:23:40.000Z"
"May naaamoy ako sa Mayor at sa host na to ah. Nakakagulat eh. Hahahaha Charz. ğŸ™ˆ","2020-05-25T09:23:40.000Z"
"@teamaloffcl bwiset HAHHAHAHAHA","2020-05-25T09:23:41.000Z"
"SPOTIFY - Underwater

https://t.co/kT5l301Jtl

#ë°±í˜„Â  #BAEKHYUNÂ  #ì—‘ì†Œ #EXO #weareoneEXO #DelightÂ  #Candy #BAEKHYUN_CandyÂ  #í¥ì´_ì—ë¦¬_ê¸°ê°€ë§‰íŒ_ì¼€ë¯¸ìŠ¤íŠ¸ë¦¬ https://t.co/DRDhaKFRM3","2020-05-25T09:23:41.000Z"
"jongin dancing candy, I want it!","2020-05-25T09:23:43.000Z"
"Naalala mong ikaw nagdownload ng movie na yun pero di mo alam yung story. Hahaha","2020-05-25T09:23:45.000Z"
"@elliehyukie I'M DED","2020-05-25T09:23:46.000Z"
"@GreyHuMin Hahahahaha.. Chill lang. Pero nag init ka din ba?","2020-05-25T09:23:47.000Z"
"Is this for real? Excited ğŸ˜‚ğŸ˜‚ğŸ˜‚ https://t.co/qHQ8iGTHaV","2020-05-25T09:23:47.000Z"
"Sulit yung 1 week na pag aantay para dito Viel's Delight Red Velvet Crinkols. 

For inquiries and orders please visit ate vanessabee24 @ Winward Subdivision Dasmarinias Cavite https://t.co/xFq5JvIsJC","2020-05-25T09:23:47.000Z"
"HAHAHAHAHAHAHAHA https://t.co/wC4lobe972","2020-05-25T09:23:49.000Z"
"Eid Mubarak to our Muslim brothers and sisters!","2020-05-25T09:23:49.000Z"
"Nakakainis palagi nalang ako yung inaattack nila kuya dex at shar!!!!","2020-05-25T09:23:49.000Z"
"I couldn't agree more. #TeamBreezy ğŸ’¯ https://t.co/s15BOe10O5","2020-05-25T09:23:50.000Z"
"snapchat filter ğŸ‘» https://t.co/oolyPOsZp4","2020-05-25T09:23:50.000Z"
"â€œRheycel kumanta ka nga para umulan.â€ Wow Ninong ha? ğŸ™„","2020-05-25T09:23:52.000Z"
"@MudBlood_0118 Oh yesss!!! Very subdued yung acting pero yung eyes nya ang tindi. ğŸ˜","2020-05-25T09:23:56.000Z"
"Nakakatawa sa Cavite at Laguna trashtalk whahaha.","2020-05-25T09:23:56.000Z"
"@chaiah_ hahahhaha","2020-05-25T09:23:57.000Z"
"ğ“¼ğ“½ğ“»ğ“®ğ“ªğ“¶ ğ“·ğ“¸ğ”€ âœ¨ #BAEKHYUN_Delight https://t.co/IzTrYZCxTd","2020-05-25T09:23:58.000Z"
"buryong buryo nako tangina","2020-05-25T09:24:00.000Z"
"Ahaka na lipong kos 4 ka rh gahapon oy","2020-05-25T09:24:03.000Z"
"kagwapo gyud ni karma oy","2020-05-25T09:24:03.000Z"
"ka OA ba sa uban naku classmate sailang grado nga naka pasa man sila sa requirements.. hahaiist ğŸ˜’ mas oa pa sila sa wala kapasa .ğŸ™„

SKLâœŒğŸ½","2020-05-25T09:24:03.000Z"
"HOY ADD TO CART DIREK JUSKO!!!! â¤â¤â¤
#ohmando #teamAleKoy isa isa pang please ğŸ˜ https://t.co/oSla97gab6","2020-05-25T09:24:05.000Z"
"@amoncawe Deh anj aamin na ko ikaw talaga anj :(((( AHAHHAHAHAHAHAHAHAHA https://t.co/JBBYTntayZ","2020-05-25T09:24:08.000Z"
"@sheenxinshin @ByunGogh_ HINDI AKO UNG TINITIGAN PERO LUSAW NA LUSAW AKO JUSKO BYUN BAEKHYUN PANAGUTAN MO TO ğŸ¤£ğŸ¤£ğŸ¤£","2020-05-25T09:24:11.000Z"
"https://t.co/bEWyTnqkhj","2020-05-25T09:24:11.000Z"
"Ok naka pa sched nagyud ko huhuhuhu","2020-05-25T09:24:16.000Z"
"Hay lapit na birthday ko ang wish ko sana mawala na ang covid. kahit dina materyal na bagay ğŸ™ğŸ»ğŸ™ğŸ»","2020-05-25T09:24:17.000Z"
"https://t.co/gGIOrKjGVE","2020-05-25T09:24:21.000Z"
"I just watched the Freak Show and the movie is a reminder to all of us that we dn't need to fake anything just to float in the sea of physical perfection, though all of us, at some point, are scared that we might not be able to fit in and be hated by everyone. STAY YOU. BE PROUD.","2020-05-25T09:24:21.000Z"
"@GradoVictorino sana ol yon pre","2020-05-25T09:24:21.000Z"
"I couldn't believe what I read ğŸ˜‚","2020-05-25T09:24:22.000Z"
"Huhu alex funny hahaha https://t.co/1w5zNManOc","2020-05-25T09:24:24.000Z"
"love me love me, say that you love me","2020-05-25T09:24:24.000Z"
"iyaaaq kalbo kanina e HAHAHAHAHHAHA hays","2020-05-25T09:24:28.000Z"
"Quarantine Food â€¼ï¸â€¼ï¸â€¼ï¸
Crispy Kare Kare ğŸ˜‹
ğŸ“¸ @FaithDolendo 

#QuarantineFood #HomeMade #KareKare #CrispyKareKare https://t.co/XG3ac991MP","2020-05-25T09:24:27.000Z"
"nakakamiss naman mabitac friends","2020-05-25T09:24:28.000Z"
"I LOVE BUNGEE!! POTA FOR SURE NA@AN WALANG TAPON TO TANGINA 

#BaekhyunOurCandy #BAEKHYUNÂ 
@B_hundred_Hyun @weareoneEXO","2020-05-25T09:24:28.000Z"
"https://t.co/0zX2V47QMX https://t.co/uu3AeN5otB","2020-05-25T09:24:29.000Z"
"Nakakatuwa :)))","2020-05-25T09:24:29.000Z"
"I just watched â€œLost girlsâ€ and Unforgettableâ€.","2020-05-25T09:24:29.000Z"
"@maxpeyn17 Thank you so much baby maxyy!! I love you moreee! Stay BoooootyyyfulğŸ˜‚ğŸ˜˜","2020-05-25T09:24:31.000Z"
"Ganda ganda talaga ng seatmate ko ih ğŸ˜ğŸ˜© https://t.co/Aml1cEiNro","2020-05-25T09:24:32.000Z"
"Nag lagot nagyud ko sakong ngipon dzae","2020-05-25T09:24:35.000Z"
"@nivraalter Please delete this post. Thank you","2020-05-25T09:24:38.000Z"
"All set hahah thank you for helping meeeee","2020-05-25T09:24:38.000Z"
"halo :) laay na gyod kay sya noh, ask me anything!!!!!
https://t.co/dcELIoUS6I","2020-05-25T09:24:39.000Z"
"ka gwapa â¤ï¸ https://t.co/G7g7X4xMny","2020-05-25T09:24:40.000Z"
"@fjbalansay HAHAHAHAHA nag rest na ko oy swito jwu duh","2020-05-25T09:24:41.000Z"
"Pota mukhang babalik kami sa ECQ from GCQ. Balik kweba na naman ba.","2020-05-25T09:24:42.000Z"
"POPPIN NA HUWAAA

#BaekhyunOurCandy #BAEKHYUNÂ 
@B_hundred_Hyun @weareoneEXO","2020-05-25T09:24:43.000Z"
"https://t.co/wrelZbRz13","2020-05-25T09:24:43.000Z"
"Someday. . . Hopefully https://t.co/kCK2zhCdni","2020-05-25T09:24:43.000Z"
"2020 is that bitch!!!! My life!!!! ğŸ˜­ğŸ˜­ğŸ˜­ https://t.co/PnlPlnAg0k","2020-05-25T09:24:45.000Z"
"Nag tu truth or dare kame putaaaa","2020-05-25T09:24:45.000Z"
"Bakit ang weak ko sa mga singkit? Bilis magmelt ng heart ko. â˜ºï¸ğŸ˜ŠğŸ˜˜","2020-05-25T09:24:46.000Z"
"Gulat ako bigla biglang nasa labas ng bahay namin ehğŸ™ˆâ¤ï¸","2020-05-25T09:24:46.000Z"
"ğŸ¥° https://t.co/nA2a7uJLnd","2020-05-25T09:24:47.000Z"
"https://t.co/mlgD91kn3A","2020-05-25T09:24:47.000Z"
"dalia ra storyahon rjay oy hahahahahah","2020-05-25T09:24:47.000Z"
"nambawan https://t.co/syYgeBiuHh","2020-05-25T09:24:48.000Z"
"focus on your thing muna, then next mo na problemahin attids ko mwua ğŸ˜™","2020-05-25T09:24:51.000Z"
"usto ko ramen : (","2020-05-25T09:24:52.000Z"
"nDE KO ALAM KUNG KAY BAEKHYUN BA AKO TITINGIN OR KAY KASPER???? RUPOK DIN VEE???","2020-05-25T09:24:52.000Z"
"Nindot man diay sigeg ml kay di mag sigeg soc med hahahah","2020-05-25T09:24:54.000Z"
"Tinanong ako nung kaibigan ng crush ko kung crush ko daw yung kaibigan nya syempre sinasabi ko hindi. Hahahahaha","2020-05-25T09:24:55.000Z"
"@kathrnxx @RealVonYmor HAHAHAHAHAHAHAH you got it right gurl! HAHAHAHA","2020-05-25T09:24:55.000Z"
"@alyyy_94 @B_hundred_Hyun @weareoneEXO BAEKHYUN AH!! ğŸ˜­ğŸ˜­ğŸ˜­â¤ï¸â¤ï¸ğŸ¤§ğŸ¤§","2020-05-25T09:24:55.000Z"
"ang lande lande Maxwell!! ğŸ˜›ğŸ˜› https://t.co/id4AAjHLeL","2020-05-25T09:24:56.000Z"
"ğŸ‘‰ğŸ‘ˆ https://t.co/iglArlmocB","2020-05-25T09:24:56.000Z"
"Senti sentihan with tj monterde ğŸ§","2020-05-25T09:24:57.000Z"
"Wag Ang flyers,pag ganitong tigang,ğŸ¤£,Itaas pa baka may makuha tayong customer dahil BARBER NA SI MAYMAY,haha https://t.co/RXEY4YGnbk","2020-05-25T09:24:57.000Z"
"Goodluck sa kasakit ani shems","2020-05-25T09:24:56.000Z"
"Nag inom lang ako kahapon tapos 65 kilos na ko ulit puta.","2020-05-25T09:24:58.000Z"
"@aeiou_abie @ejsilahis21 Wow ha, Hindi!","2020-05-25T09:25:01.000Z"
"iphone giveaway hahahahaha","2020-05-25T09:25:01.000Z"
"Chill lang!!!

#ë°±í˜„ 
#BAEKHYUN 
#EXO 
#Delight 
#Candy #BAEKHYUN_Candy 
#í¥ì´_ì—ë¦¬_ê¸°ê°€ë§‰íŒ_ì¼€ë¯¸ìŠ¤íŠ¸ë¦¬ https://t.co/uW3IzxedIw","2020-05-25T09:25:01.000Z"
"Sa mga di nakaka g. Pm me para niyo ma g https://t.co/jbLce8XNnf","2020-05-25T09:25:02.000Z"
"HAHAHAHAHAHAHA https://t.co/5XqY8HXsLg","2020-05-25T09:25:04.000Z"
"Monday gloomy.","2020-05-25T09:25:04.000Z"
"Every day we lit ğŸ’¯ğŸ”¥","2020-05-25T09:25:05.000Z"
"ANONG GINAWA NI ATE GIRL SA PAST LIFE NYA?

#ë°±í˜„Â  #BAEKHYUNÂ  #ì—‘ì†Œ #EXO #weareoneEXO #DelightÂ  #Candy #BAEKHYUN_CandyÂ  #í¥ì´_ì—ë¦¬_ê¸°ê°€ë§‰íŒ_ì¼€ë¯¸ìŠ¤íŠ¸ë¦¬ https://t.co/cSJW4EGNU0","2020-05-25T09:25:05.000Z"
"@yoursalyanna Dubidubidapdap","2020-05-25T09:25:06.000Z"
"@PotentialH7 @wencelx Thank you ate. Ingat ka dyan! ğŸ¥°","2020-05-25T09:25:08.000Z"
"I'M DED @B_hundred_Hyun #BAEKHYUN_Candy #Delight","2020-05-25T09:25:10.000Z"
"Leaves // Ben&amp;Ben ğŸ¤ªâ¤ï¸ https://t.co/6rCL3Z1LkO","2020-05-25T09:25:10.000Z"
"@imjennnnnnnn wa nimal HAHAHAHAHAH","2020-05-25T09:25:12.000Z"
